﻿{"cameraMode":{"drawMode":0,"name":"Shaded","section":"Shading Mode"},"sceneLighting":false,"audioPlay":false,"sceneViewState":{"showFog":true,"showMaterialUpdate":false,"showSkybox":true,"showFlares":true,"showImageEffects":true,"showParticleSystems":true},"in2DMode":false,"pivot":{"x":-0.4480125904083252,"y":-2.105816602706909,"z":1.139548420906067},"rotation":{"x":-0.46910426020622256,"y":0.28210896253585818,"z":-0.16115105152130128,"w":-0.8212101459503174},"size":4.368973731994629,"orthographic":false}