﻿{"cameraMode":{"drawMode":0,"name":"Shaded","section":"Shading Mode"},"sceneLighting":false,"audioPlay":false,"sceneViewState":{"showFog":true,"showMaterialUpdate":false,"showSkybox":true,"showFlares":true,"showImageEffects":true,"showParticleSystems":true},"in2DMode":false,"pivot":{"x":12.574872016906739,"y":1.819486379623413,"z":3.456653594970703},"rotation":{"x":0.26467442512512209,"y":-0.7168320417404175,"z":0.3502587080001831,"w":0.5416808724403381},"size":6.001557350158691,"orthographic":true}