﻿{"cameraMode":{"drawMode":0,"name":"Shaded","section":"Shading Mode"},"sceneLighting":false,"audioPlay":false,"sceneViewState":{"showFog":true,"showMaterialUpdate":false,"showSkybox":true,"showFlares":true,"showImageEffects":true,"showParticleSystems":true},"in2DMode":false,"pivot":{"x":6.069829940795898,"y":-0.2046586573123932,"z":-0.5554611682891846},"rotation":{"x":0.44887775182724,"y":-0.3333193361759186,"z":0.18513637781143189,"w":0.8081655502319336},"size":5.9638285636901859,"orthographic":true}