﻿{"cameraMode":{"drawMode":0,"name":"Shaded","section":"Shading Mode"},"sceneLighting":false,"audioPlay":false,"sceneViewState":{"showFog":true,"showMaterialUpdate":false,"showSkybox":true,"showFlares":true,"showImageEffects":true,"showParticleSystems":true},"in2DMode":false,"pivot":{"x":9.655874252319336,"y":3.057967185974121,"z":3.2439804077148439},"rotation":{"x":0.44887775182724,"y":-0.3333193361759186,"z":0.18513637781143189,"w":0.8081655502319336},"size":5.715769290924072,"orthographic":true}