﻿{"cameraMode":{"drawMode":0,"name":"Shaded","section":"Shading Mode"},"sceneLighting":false,"audioPlay":false,"sceneViewState":{"showFog":true,"showMaterialUpdate":false,"showSkybox":true,"showFlares":true,"showImageEffects":true,"showParticleSystems":true},"in2DMode":false,"pivot":{"x":0.362936794757843,"y":-5.682579040527344,"z":0.8676834106445313},"rotation":{"x":0.23611164093017579,"y":0.6949480175971985,"z":-0.26182639598846438,"w":0.6266942024230957},"size":2.8578836917877199,"orthographic":false}