﻿{"cameraMode":{"drawMode":0,"name":"Shaded","section":"Shading Mode"},"sceneLighting":false,"audioPlay":false,"sceneViewState":{"showFog":true,"showMaterialUpdate":false,"showSkybox":true,"showFlares":true,"showImageEffects":true,"showParticleSystems":true},"in2DMode":false,"pivot":{"x":-46.239013671875,"y":-382.00439453125,"z":95.02978515625},"rotation":{"x":0.13327334821224214,"y":-0.8498631119728088,"z":0.25731879472732546,"w":0.4401794672012329},"size":5.555478572845459,"orthographic":true}