﻿{"cameraMode":{"drawMode":0,"name":"Shaded","section":"Shading Mode"},"sceneLighting":false,"audioPlay":false,"sceneViewState":{"showFog":true,"showMaterialUpdate":false,"showSkybox":true,"showFlares":true,"showImageEffects":true,"showParticleSystems":true},"in2DMode":false,"pivot":{"x":0.6392688751220703,"y":1.443713903427124,"z":5.090500831604004},"rotation":{"x":0.44887775182724,"y":-0.3333193361759186,"z":0.18513637781143189,"w":0.8081655502319336},"size":6.00155782699585,"orthographic":true}