{
	"easy":[
		{			
			"level": [
				"W","W","W","W","W","W","W",
				"W","J","T","T","T","T","W",
				"W","T","T","T","T","T","W",
				"W","T","O2","O2","O2","T","W",
				"W","T","T","T","T","T","W",
				"W","O2","O2","T","O2","T","W",
				"W","O2","T","T","T","T","W",
				"W","O2","T","O2","T","T","W",
				"W","T","T","T","T","T","W",
				"W","T","BK","BI","BL","T","W",
				"W","T","T","T","T","T","W",
				"W","T","T","T","T","T","W",
				"W","T","A0H3","T","T","T","W",
				"W","T","T","T","L1N0","T","W",
				"W","T","T","T","T","T","W",
				"W","W","W","W","W","W","W"
			],
			"width": 7,
			"difficulty": 0
		},
		{			
			"level": [
			"W","W","W","W","W","W","W",
			"W","J","T","T","T","T","W",
			"W","T","T","T","T","T","W",
				"W","T","T","O1","O2","T","W",
				"W","T","T","T","T","T","W",
				"W","T","T","T","T","T","W",
				"W","T","T","T","T","T","W",
				"W","T","T","T","T","T","W",
				"W","T","T","T","T","T","W",
				"W","T","BK","BI","BL","T","W",
				"W","T","T","T","T","T","W",
				"W","T","T","T","T","T","W",
				"W","T","T","T","T","T","W",
				"W","T","T","T","T","T","W",
				"W","T","T","T","T","L1N0","W",
				"W","W","W","W","W","W","W"
			],
			"width": 7,
			"difficulty": 0
		}
	],
  "normal":[
		{			
			"level": [
			"W","W","W","W","W","W","W",
			"W","J","T","T","T","T","W",
			"W","T","T","T","T","T","W",
				"W","T","T","O1","O2","T","W",
				"W","T","T","T","T","T","W",
				"W","T","T","T","T","T","W",
				"W","T","T","T","T","T","W",
				"W","T","T","T","T","T","W",
				"W","T","T","T","T","T","W",
				"W","T","BK","BI","BL","T","W",
				"W","T","T","T","T","T","W",
				"W","T","T","T","T","T","W",
				"W","T","T","T","T","T","W",
				"W","T","T","T","T","T","W",
				"W","T","T","T","T","L1N0","W",
				"W","W","W","W","W","W","W"
			],
			"width": 7,
			"difficulty": 0
		},
		{			
			"level": [
			"W","W","W","W","W","W","W",
			"W","J","T","T","T","T","W",
			"W","T","T","T","T","T","W",
				"W","T","T","O1","O2","T","W",
				"W","T","T","T","T","T","W",
				"W","T","T","T","T","T","W",
				"W","T","T","T","T","T","W",
				"W","T","T","T","T","T","W",
				"W","T","T","T","T","T","W",
				"W","T","BK","BI","BL","T","W",
				"W","T","T","T","T","T","W",
				"W","T","T","T","T","T","W",
				"W","T","T","T","T","T","W",
				"W","T","T","T","T","T","W",
				"W","T","T","T","T","L1N0","W",
				"W","W","W","W","W","W","W"
			],
			"width": 7,
			"difficulty": 0
		}
	]
}